model_name,split_name,patch_idx,trust_score_pct,mean_risk,pct_high_risk,norm_disagreement,norm_stability,norm_spectral,norm_structural,raw_disag_mean,raw_stab_mean,raw_spectral_mean,raw_struct_mean,psnr_db,ssim,psnr_gain,gradient_corr,edge_iou,edge_f1
Baseline Legacy Ensemble,"Phase 4 Held-out (Split v1, 49 patches)",0,86.11,0.1389,0.0,0.11559359729290009,0.18967723846435547,0.13662299513816833,0.11364570260047913,0.0014375934842973948,0.0005050911568105221,0.02072,0.029998401179909706,38.77,0.9278,0.17999999999999972,0.8154,0.3849,0.5558
Baseline Legacy Ensemble,"Phase 4 Held-out (Split v1, 49 patches)",1,87.32,0.1268,0.0,0.1215815320611,0.1671338677406311,0.11842036247253418,0.10020236670970917,0.0014336147578433156,0.0005092995124869049,0.01999,0.02967059053480625,38.91,0.9297,0.18999999999999773,0.8261,0.4208,0.5924
Baseline Legacy Ensemble,"Phase 4 Held-out (Split v1, 49 patches)",2,86.04,0.1396,0.0,0.10001182556152344,0.1729382574558258,0.14920707046985626,0.13625860214233398,0.0014318989124149084,0.0005106009775772691,0.02021,0.029584113508462906,39.05,0.9309,0.19999999999999574,0.8028,0.4118,0.5834
Baseline Legacy Ensemble,"Phase 4 Held-out (Split v1, 49 patches)",3,86.26,0.1374,0.0,0.10679388046264648,0.22027722001075745,0.14213469624519348,0.08027349412441254,0.0014813535381108522,0.0005011867033317685,0.02074,0.0295545794069767,39.01,0.9313,0.18999999999999773,0.7889,0.4142,0.5858
Baseline Legacy Ensemble,"Phase 4 Held-out (Split v1, 49 patches)",4,85.93,0.1407,0.0,0.1228119283914566,0.1929779052734375,0.1569453477859497,0.09015366435050964,0.0015460328431800008,0.0005009437445551157,0.02078,0.028649963438510895,39.09,0.9333,0.1600000000000037,0.7922,0.3946,0.5659
Baseline Legacy Ensemble,"Phase 4 Held-out (Split v1, 49 patches)",5,84.53,0.1547,0.0,0.12582826614379883,0.258077472448349,0.14578565955162048,0.08898968994617462,0.001636025495827198,0.0005001917015761137,0.02158,0.028870001435279846,39.0,0.9323,0.14999999999999858,0.8582,0.3115,0.475
Baseline Legacy Ensemble,"Phase 4 Held-out (Split v1, 49 patches)",6,86.07,0.1393,0.0,0.10464431345462799,0.20160548388957977,0.15668722987174988,0.0942382663488388,0.0016513473819941282,0.0004970687441527843,0.02108,0.029249103739857674,38.96,0.9315,0.14000000000000057,0.8591,0.3298,0.496
Baseline Legacy Ensemble,"Phase 4 Held-out (Split v1, 49 patches)",7,84.38,0.1562,0.0,0.11624196171760559,0.2160654366016388,0.1513153314590454,0.14098241925239563,0.001429807860404253,0.0005041240947321057,0.02115,0.02960333600640297,38.76,0.9243,0.18999999999999773,0.7997,0.3731,0.5434
Baseline Legacy Ensemble,"Phase 4 Held-out (Split v1, 49 patches)",8,85.32,0.1468,0.0,0.10033471137285233,0.20619934797286987,0.15907418727874756,0.1217271015048027,0.00142893404699862,0.0005137838888913393,0.0208,0.029861561954021454,38.73,0.9251,0.18999999999999773,0.8141,0.4079,0.5795
Baseline Legacy Ensemble,"Phase 4 Held-out (Split v1, 49 patches)",9,85.32,0.1468,0.0,0.102887362241745,0.2104324996471405,0.14505428075790405,0.12894882261753082,0.0014236723072826862,0.0005147018819116056,0.02035,0.030280813574790955,38.86,0.928,0.18999999999999773,0.8083,0.3965,0.5679
Baseline Legacy Ensemble,"Phase 4 Held-out (Split v1, 49 patches)",10,86.98,0.1302,0.0,0.1097361221909523,0.1772294044494629,0.14489716291427612,0.08888883888721466,0.0015162783674895763,0.0005088303587399423,0.02061,0.030220087617635727,38.77,0.9282,0.1600000000000037,0.8243,0.3876,0.5586
Baseline Legacy Ensemble,"Phase 4 Held-out (Split v1, 49 patches)",11,84.92,0.1508,0.0,0.11642029881477356,0.2206045687198639,0.17166078090667725,0.09452870488166809,0.0015390878543257713,0.0005066946032457054,0.02032,0.02929571270942688,38.94,0.9319,0.14999999999999858,0.8198,0.3582,0.5275
Baseline Legacy Ensemble,"Phase 4 Held-out (Split v1, 49 patches)",12,86.06,0.1394,0.0,0.12137719243764877,0.20892208814620972,0.13635891675949097,0.09103672206401825,0.0016350935911759734,0.0005105303134769201,0.01994,0.02987179160118103,38.91,0.9316,0.12999999999999545,0.8659,0.2767,0.4334
Baseline Legacy Ensemble,"Phase 4 Held-out (Split v1, 49 patches)",13,85.14,0.1486,0.0,0.11675980687141418,0.221167653799057,0.14253860712051392,0.11402642726898193,0.00165076635312289,0.0005056611262261868,0.01996,0.03060503862798214,38.68,0.9295,0.11999999999999744,0.8671,0.3394,0.5068
Baseline Legacy Ensemble,"Phase 4 Held-out (Split v1, 49 patches)",14,83.78,0.1622,0.0,0.1159052699804306,0.24483276903629303,0.13714006543159485,0.15084877610206604,0.001448843628168106,0.0004979610675945878,0.02087,0.02974567376077175,38.76,0.9266,0.1699999999999946,0.8219,0.3731,0.5434
Baseline Legacy Ensemble,"Phase 4 Held-out (Split v1, 49 patches)",15,84.67,0.1533,0.0,0.11382617056369781,0.2406470775604248,0.1389298439025879,0.11994937062263489,0.001450731884688139,0.0004945937544107437,0.02118,0.030336085706949234,38.77,0.9272,0.17999999999999972,0.8227,0.4041,0.5756
Baseline Legacy Ensemble,"Phase 4 Held-out (Split v1, 49 patches)",16,84.3,0.157,0.0,0.11764082312583923,0.23306351900100708,0.1480002999305725,0.12918981909751892,0.0014270314713940024,0.0004961760132573545,0.02062,0.029620256274938583,38.89,0.9286,0.18999999999999773,0.8199,0.3912,0.5624
Baseline Legacy Ensemble,"Phase 4 Held-out (Split v1, 49 patches)",17,85.17,0.1483,0.0,0.12158118933439255,0.22257071733474731,0.15132394433021545,0.09767606854438782,0.0015131831169128418,0.0005012304754927754,0.02016,0.029339591041207314,38.98,0.9309,0.1699999999999946,0.8351,0.3793,0.55
Baseline Legacy Ensemble,"Phase 4 Held-out (Split v1, 49 patches)",18,86.26,0.1374,0.0,0.1357586830854416,0.1869250386953354,0.12474647164344788,0.10226617753505707,0.0015320288948714733,0.000505995936691761,0.01965,0.02911137044429779,39.06,0.9336,0.1600000000000037,0.8225,0.3756,0.5461
Baseline Legacy Ensemble,"Phase 4 Held-out (Split v1, 49 patches)",19,86.78,0.1322,0.0,0.12323719263076782,0.17046314477920532,0.14912822842597961,0.0857924148440361,0.0016303702723234892,0.000512172351591289,0.01997,0.029277253895998,38.91,0.9322,0.13999999999999346,0.8728,0.3248,0.4904
Baseline Legacy Ensemble,"Phase 4 Held-out (Split v1, 49 patches)",20,86.0,0.14,0.0,0.1225479394197464,0.19130638241767883,0.14798133075237274,0.0982687845826149,0.0016645556315779686,0.0005085583543404937,0.01964,0.030515031889081,38.66,0.9304,0.12999999999999545,0.8682,0.3559,0.5249
Baseline Legacy Ensemble,"Phase 4 Held-out (Split v1, 49 patches)",21,85.61,0.1439,0.0,0.11837781965732574,0.18218141794204712,0.15704187750816345,0.11815349757671356,0.0014718207530677319,0.000516766041982919,0.02124,0.030239300802350044,38.72,0.9272,0.17999999999999972,0.8218,0.3993,0.5707
Baseline Legacy Ensemble,"Phase 4 Held-out (Split v1, 49 patches)",22,83.76,0.1624,0.0,0.12147814780473709,0.22048978507518768,0.1730627566576004,0.13449174165725708,0.0014618844725191593,0.0005187892238609493,0.02147,0.03056664578616619,38.65,0.9261,0.17999999999999972,0.82,0.4045,0.576
Baseline Legacy Ensemble,"Phase 4 Held-out (Split v1, 49 patches)",23,84.63,0.1537,0.0,0.11832111328840256,0.22933021187782288,0.13932213187217712,0.1277926117181778,0.0014318334870040417,0.0005113233346492052,0.02107,0.030069563537836075,38.81,0.9275,0.17999999999999972,0.8088,0.3969,0.5682
Baseline Legacy Ensemble,"Phase 4 Held-out (Split v1, 49 patches)",24,86.45,0.1355,0.0,0.12257935106754303,0.19062522053718567,0.13158735632896423,0.09704587608575821,0.0014750361442565918,0.0005039959214627743,0.02062,0.029078001156449318,38.96,0.9303,0.1600000000000037,0.8325,0.3504,0.519
Baseline Legacy Ensemble,"Phase 4 Held-out (Split v1, 49 patches)",25,86.16,0.1384,0.0,0.11784367263317108,0.1809931844472885,0.16296814382076263,0.09190229326486588,0.0015100339660421014,0.0005123489536345005,0.02076,0.029531288892030716,38.85,0.9303,0.1600000000000037,0.8126,0.369,0.5391
Baseline Legacy Ensemble,"Phase 4 Held-out (Split v1, 49 patches)",26,86.44,0.1356,0.0,0.12374617904424667,0.18513187766075134,0.1345134973526001,0.09914328902959824,0.001563072670251131,0.0005163278547115624,0.02056,0.029351094737648964,38.88,0.9312,0.15000000000000568,0.8099,0.3784,0.549
Baseline Legacy Ensemble,"Phase 4 Held-out (Split v1, 49 patches)",27,85.07,0.1493,0.0,0.12838932871818542,0.20383478701114655,0.16030268371105194,0.10480909049510956,0.001617375761270523,0.000506273761857301,0.02129,0.031200377270579338,38.51,0.9275,0.12999999999999545,0.8055,0.3916,0.5628
Baseline Legacy Ensemble,"Phase 4 Held-out (Split v1, 49 patches)",28,84.71,0.1529,0.0,0.11298482865095139,0.21945685148239136,0.1542629897594452,0.12505678832530975,0.001525539206340909,0.0005066871526651084,0.02098,0.03246317431330681,38.41,0.9281,0.1699999999999946,0.8363,0.4138,0.5854
Baseline Legacy Ensemble,"Phase 4 Held-out (Split v1, 49 patches)",29,85.14,0.1486,0.0,0.12886130809783936,0.20370495319366455,0.15427324175834656,0.10752016305923462,0.001496376353316009,0.0005048491293564439,0.02121,0.03167065232992172,38.46,0.9263,0.14999999999999858,0.8308,0.426,0.5975
Baseline Legacy Ensemble,"Phase 4 Held-out (Split v1, 49 patches)",30,85.22,0.1478,0.0,0.09899815171957016,0.2110460102558136,0.1620575487613678,0.11915406584739685,0.0014440447557717562,0.0005066705634817481,0.02072,0.030804414302110672,38.68,0.9268,0.1700000000000017,0.8127,0.3833,0.5542
Baseline Legacy Ensemble,"Phase 4 Held-out (Split v1, 49 patches)",31,85.46,0.1454,0.0,0.12051108479499817,0.2160227745771408,0.13759607076644897,0.10753350704908371,0.0014928573509678245,0.0005037658265791833,0.02007,0.029559839516878128,38.95,0.9299,0.1700000000000017,0.8327,0.3631,0.5328
Baseline Legacy Ensemble,"Phase 4 Held-out (Split v1, 49 patches)",32,84.98,0.1502,0.0,0.13046890497207642,0.2390136420726776,0.12940534949302673,0.102000892162323,0.0015144958160817623,0.0005022010300308466,0.02006,0.030142491683363914,38.87,0.9303,0.14999999999999858,0.8121,0.3788,0.5495
Baseline Legacy Ensemble,"Phase 4 Held-out (Split v1, 49 patches)",33,85.96,0.1404,0.0,0.11970558762550354,0.1985713541507721,0.13872861862182617,0.10460221767425537,0.0015866381581872702,0.000508133671246469,0.02028,0.03023712895810604,38.81,0.9314,0.15000000000000568,0.8313,0.3934,0.5647
Baseline Legacy Ensemble,"Phase 4 Held-out (Split v1, 49 patches)",34,85.21,0.1479,0.0,0.14191502332687378,0.20727749168872833,0.1538987159729004,0.088314950466156,0.001645882846787572,0.0005087706376798451,0.02105,0.03236060217022896,38.53,0.9304,0.13000000000000256,0.8256,0.4123,0.5839
Baseline Legacy Ensemble,"Phase 4 Held-out (Split v1, 49 patches)",35,86.26,0.1374,0.0,0.11457246541976929,0.16823551058769226,0.15712298452854156,0.10978500545024872,0.0015404577134177089,0.0005166075425222516,0.02123,0.03339008986949921,38.26,0.9267,0.14999999999999858,0.83,0.419,0.5906
Baseline Legacy Ensemble,"Phase 4 Held-out (Split v1, 49 patches)",36,86.12,0.1388,0.0,0.12072436511516571,0.209596186876297,0.12520115077495575,0.099485844373703,0.001487506553530693,0.0005253871786408126,0.02122,0.03232381120324135,38.4,0.9243,0.1599999999999966,0.819,0.3962,0.5676
Baseline Legacy Ensemble,"Phase 4 Held-out (Split v1, 49 patches)",37,85.36,0.1464,0.0,0.1171451061964035,0.21999655663967133,0.15084844827651978,0.09748275578022003,0.0014164885506033897,0.0005265853251330554,0.02051,0.030793720856308937,38.7,0.9261,0.1700000000000017,0.8029,0.3844,0.5553
Baseline Legacy Ensemble,"Phase 4 Held-out (Split v1, 49 patches)",38,86.85,0.1315,0.0,0.10584542900323868,0.1524064838886261,0.15391114354133606,0.11366131901741028,0.0014090710319578648,0.0005349987186491489,0.01985,0.028746813535690308,39.12,0.9293,0.17999999999999972,0.7753,0.3757,0.5462
Baseline Legacy Ensemble,"Phase 4 Held-out (Split v1, 49 patches)",39,84.23,0.1577,0.0,0.10492296516895294,0.2351873815059662,0.1710221767425537,0.119610995054245,0.001444366411305964,0.0005461066612042487,0.02011,0.029852893203496933,38.91,0.9267,0.1699999999999946,0.7734,0.3523,0.521
Baseline Legacy Ensemble,"Phase 4 Held-out (Split v1, 49 patches)",40,86.09,0.1391,0.0,0.11941112577915192,0.20872986316680908,0.11647166311740875,0.1115882396697998,0.0015189418336376548,0.0005397702916525304,0.01997,0.02987363561987877,38.93,0.9294,0.14000000000000057,0.8048,0.3749,0.5454
Baseline Legacy Ensemble,"Phase 4 Held-out (Split v1, 49 patches)",41,85.39,0.1461,0.0,0.13097144663333893,0.2250702977180481,0.13680598139762878,0.09171593189239502,0.001610002014786005,0.0005247597582638264,0.02115,0.03183417767286301,38.51,0.9259,0.12999999999999545,0.8046,0.3777,0.5483
Baseline Legacy Ensemble,"Phase 4 Held-out (Split v1, 49 patches)",42,84.48,0.1552,0.0,0.11598146706819534,0.2408113181591034,0.14761030673980713,0.11653800308704376,0.001551130786538124,0.0005194013356231153,0.02168,0.033105529844760895,38.22,0.9253,0.14000000000000057,0.828,0.4302,0.6016
Baseline Legacy Ensemble,"Phase 4 Held-out (Split v1, 49 patches)",43,84.8,0.152,0.0,0.10682393610477448,0.25525566935539246,0.13778582215309143,0.10803751647472382,0.0014939673710614443,0.0005219195736572146,0.02126,0.03218728303909302,38.34,0.9222,0.1600000000000037,0.8157,0.4243,0.5958
Baseline Legacy Ensemble,"Phase 4 Held-out (Split v1, 49 patches)",44,86.05,0.1395,0.0,0.1265636831521988,0.16440317034721375,0.14986225962638855,0.11712180078029633,0.0014478843659162521,0.0005192444659769535,0.02099,0.031287871301174164,38.47,0.9216,0.1700000000000017,0.7953,0.3951,0.5664
Baseline Legacy Ensemble,"Phase 4 Held-out (Split v1, 49 patches)",45,86.88,0.1312,0.0,0.11525146663188934,0.1725388914346695,0.12536439299583435,0.11165720224380493,0.001400883193127811,0.0005318174371495843,0.02048,0.030587609857320786,38.73,0.9229,0.1699999999999946,0.7627,0.3617,0.5312
Baseline Legacy Ensemble,"Phase 4 Held-out (Split v1, 49 patches)",46,86.53,0.1347,0.0,0.11396503448486328,0.18236833810806274,0.13790538907051086,0.10470994561910629,0.0014151097275316715,0.0005380973452702165,0.02061,0.031272344291210175,38.67,0.9222,0.1700000000000017,0.7645,0.3595,0.5288
Baseline Legacy Ensemble,"Phase 4 Held-out (Split v1, 49 patches)",47,86.32,0.1368,0.0,0.10592363029718399,0.20668405294418335,0.12032625824213028,0.11433296650648117,0.001486768713220954,0.0005411353195086122,0.02043,0.031081900000572205,38.65,0.9239,0.14999999999999858,0.7998,0.3761,0.5466
Baseline Legacy Ensemble,"Phase 4 Held-out (Split v1, 49 patches)",48,85.65,0.1435,0.0,0.1313599795103073,0.21332328021526337,0.14723865687847137,0.08206812292337418,0.0015652177389711142,0.0005382199888117611,0.02139,0.03257283568382263,38.29,0.9212,0.13000000000000256,0.8076,0.3904,0.5615
Improved Ensemble v2,"Phase 4 Held-out (Split v1, 49 patches)",0,85.06,0.1494,0.0,0.16729475557804108,0.18791836500167847,0.1342969536781311,0.10795319825410843,0.0015611720737069845,0.0004928043927066028,0.02056,0.02987862378358841,38.8,0.9285,0.20999999999999375,0.8166,0.3906,0.5618
Improved Ensemble v2,"Phase 4 Held-out (Split v1, 49 patches)",1,86.52,0.1348,0.0,0.1534668207168579,0.16871491074562073,0.11966632306575775,0.0972902849316597,0.0015518623404204845,0.0004969150759279728,0.01984,0.029521137475967407,38.95,0.9304,0.23000000000000398,0.8273,0.4145,0.5861
Improved Ensemble v2,"Phase 4 Held-out (Split v1, 49 patches)",2,84.27,0.1573,0.0,0.1672770380973816,0.17012697458267212,0.15214598178863525,0.13948377966880798,0.001543298363685608,0.0004979274235665798,0.02002,0.029441822320222855,39.1,0.9316,0.25,0.8047,0.4155,0.5871
Improved Ensemble v2,"Phase 4 Held-out (Split v1, 49 patches)",3,84.8,0.152,0.0,0.1690654754638672,0.21385249495506287,0.14523229002952576,0.08002790808677673,0.0016058622859418392,0.0004881138156633824,0.02057,0.02937137335538864,39.04,0.9321,0.21999999999999886,0.792,0.4167,0.5882
Improved Ensemble v2,"Phase 4 Held-out (Split v1, 49 patches)",4,84.32,0.1568,0.0,0.18536046147346497,0.19168473780155182,0.16017839312553406,0.08989688754081726,0.0016658742679283023,0.00048819699441082776,0.02069,0.0284705962985754,39.13,0.934,0.20000000000000284,0.795,0.3965,0.5678
Improved Ensemble v2,"Phase 4 Held-out (Split v1, 49 patches)",5,84.89,0.1511,0.0,0.13067682087421417,0.25525858998298645,0.12965431809425354,0.08899110555648804,0.001776182558387518,0.0004878976324107498,0.02148,0.028737738728523254,39.05,0.9332,0.19999999999999574,0.8595,0.3291,0.4952
Improved Ensemble v2,"Phase 4 Held-out (Split v1, 49 patches)",6,85.37,0.1463,0.0,0.13498932123184204,0.20605796575546265,0.1496269553899765,0.09436269104480743,0.0017985093872994184,0.00048464792780578136,0.02093,0.029132353141903877,39.0,0.9324,0.17999999999999972,0.8602,0.3103,0.4737
Improved Ensemble v2,"Phase 4 Held-out (Split v1, 49 patches)",7,83.5,0.165,0.0,0.14531973004341125,0.22275960445404053,0.1506991982460022,0.14130109548568726,0.001550877932459116,0.0004918911727145314,0.02097,0.029438771307468414,38.8,0.9252,0.22999999999999687,0.8018,0.3709,0.5411
Improved Ensemble v2,"Phase 4 Held-out (Split v1, 49 patches)",8,84.21,0.1579,0.0,0.15096238255500793,0.19819656014442444,0.15848052501678467,0.12406446784734726,0.0015471463557332754,0.0005010116728954017,0.02065,0.029737483710050583,38.76,0.9258,0.21999999999999886,0.8155,0.4088,0.5803
Improved Ensemble v2,"Phase 4 Held-out (Split v1, 49 patches)",9,84.02,0.1598,0.0,0.15807794034481049,0.2055022418498993,0.14549456536769867,0.1299995481967926,0.0015434583183377981,0.000501392234582454,0.02025,0.030149254947900772,38.9,0.9287,0.22999999999999687,0.81,0.403,0.5745
Improved Ensemble v2,"Phase 4 Held-out (Split v1, 49 patches)",10,86.64,0.1336,0.0,0.12538912892341614,0.18114671111106873,0.14050181210041046,0.08724968880414963,0.0016525754472240806,0.0004962715902365744,0.02038,0.030076777562499046,38.8,0.929,0.18999999999999773,0.826,0.404,0.5755
Improved Ensemble v2,"Phase 4 Held-out (Split v1, 49 patches)",11,84.99,0.1501,0.0,0.13363316655158997,0.21490179002285004,0.1586095094680786,0.09307093918323517,0.0016694710357114673,0.0004936074838042259,0.0202,0.029143279418349266,38.97,0.9327,0.17999999999999972,0.8216,0.3667,0.5366
Improved Ensemble v2,"Phase 4 Held-out (Split v1, 49 patches)",12,86.06,0.1394,0.0,0.13004332780838013,0.20348778367042542,0.13438037037849426,0.08956439793109894,0.001779102487489581,0.0004981599049642682,0.01977,0.029767975211143494,38.94,0.9323,0.1599999999999966,0.8669,0.3264,0.4922
Improved Ensemble v2,"Phase 4 Held-out (Split v1, 49 patches)",13,84.76,0.1524,0.0,0.13589105010032654,0.22459477186203003,0.13737492263317108,0.11175985634326935,0.0017970202025026083,0.0004937085323035717,0.01977,0.030482659116387367,38.71,0.9302,0.14999999999999858,0.8682,0.3464,0.5146
Improved Ensemble v2,"Phase 4 Held-out (Split v1, 49 patches)",14,83.23,0.1677,0.0,0.14400611817836761,0.23959285020828247,0.136488676071167,0.1507078856229782,0.0015654782764613628,0.0004860324552282691,0.02068,0.029593631625175476,38.8,0.9275,0.20999999999999375,0.8236,0.3731,0.5434
Improved Ensemble v2,"Phase 4 Held-out (Split v1, 49 patches)",15,83.59,0.1641,0.0,0.16394412517547607,0.23705875873565674,0.13606296479701996,0.11945928633213043,0.0015620794147253036,0.0004822895862162113,0.021,0.030161280184984207,38.81,0.928,0.21999999999999886,0.8248,0.401,0.5724
Improved Ensemble v2,"Phase 4 Held-out (Split v1, 49 patches)",16,83.55,0.1645,0.0,0.1636466234922409,0.21883384883403778,0.1470065712928772,0.12846317887306213,0.0015500462613999844,0.00048334215534850955,0.02044,0.029431696981191635,38.93,0.9294,0.22999999999999687,0.8221,0.393,0.5643
Improved Ensemble v2,"Phase 4 Held-out (Split v1, 49 patches)",17,84.56,0.1544,0.0,0.1641906201839447,0.21373534202575684,0.14546151459217072,0.09431788325309753,0.0016552754677832127,0.00048819612129591405,0.01997,0.0291987806558609,39.01,0.9317,0.19999999999999574,0.8363,0.3891,0.5602
Improved Ensemble v2,"Phase 4 Held-out (Split v1, 49 patches)",18,85.67,0.1433,0.0,0.16347378492355347,0.186761274933815,0.12261177599430084,0.10046375542879105,0.0016840655589476228,0.0004936164477840066,0.01954,0.0289530698210001,39.1,0.9344,0.20000000000000284,0.8241,0.3766,0.5472
Improved Ensemble v2,"Phase 4 Held-out (Split v1, 49 patches)",19,86.24,0.1376,0.0,0.13292738795280457,0.17171630263328552,0.16178742051124573,0.08400337398052216,0.0017915824428200722,0.0004996093921363354,0.01984,0.029139375314116478,38.94,0.9329,0.1699999999999946,0.8737,0.3068,0.4695
Improved Ensemble v2,"Phase 4 Held-out (Split v1, 49 patches)",20,86.04,0.1396,0.0,0.13643231987953186,0.18315213918685913,0.14214274287223816,0.09651892632246017,0.001834353432059288,0.0004957993514835835,0.01957,0.030450962483882904,38.69,0.931,0.1599999999999966,0.8691,0.358,0.5273
Improved Ensemble v2,"Phase 4 Held-out (Split v1, 49 patches)",21,84.9,0.151,0.0,0.15603405237197876,0.1771722435951233,0.15440431237220764,0.11632471531629562,0.0015829127514734864,0.000503865594509989,0.02107,0.030040279030799866,38.77,0.9281,0.23000000000000398,0.8243,0.3964,0.5678
Improved Ensemble v2,"Phase 4 Held-out (Split v1, 49 patches)",22,83.45,0.1655,0.0,0.1474204957485199,0.21712210774421692,0.16391083598136902,0.1336241215467453,0.0015691042644903064,0.0005054563516750932,0.02132,0.030391143634915352,38.68,0.9269,0.21000000000000085,0.8222,0.406,0.5775
Improved Ensemble v2,"Phase 4 Held-out (Split v1, 49 patches)",23,83.51,0.1649,0.0,0.15881766378879547,0.23131532967090607,0.14356693625450134,0.12591992318630219,0.0015562274493277073,0.00049847352784127,0.02092,0.029893655329942703,38.85,0.9284,0.21999999999999886,0.8108,0.402,0.5735
Improved Ensemble v2,"Phase 4 Held-out (Split v1, 49 patches)",24,85.56,0.1444,0.0,0.15761609375476837,0.19559532403945923,0.12915971875190735,0.09513428807258606,0.0016124886460602283,0.00049141317140311,0.02046,0.028919169679284096,39.0,0.9311,0.20000000000000284,0.8339,0.3592,0.5285
Improved Ensemble v2,"Phase 4 Held-out (Split v1, 49 patches)",25,85.04,0.1496,0.0,0.1677241176366806,0.17929375171661377,0.16196972131729126,0.0894552618265152,0.0016590238083153963,0.0005000077071599662,0.02069,0.029365595430135727,38.88,0.931,0.19000000000000483,0.8143,0.3578,0.527
Improved Ensemble v2,"Phase 4 Held-out (Split v1, 49 patches)",26,84.91,0.1509,0.0,0.17659658193588257,0.18426474928855896,0.14462022483348846,0.09814561158418655,0.0017143702134490013,0.0005038968520238996,0.02048,0.029193677008152008,38.91,0.9318,0.17999999999999972,0.8116,0.3771,0.5476
Improved Ensemble v2,"Phase 4 Held-out (Split v1, 49 patches)",27,84.07,0.1593,0.0,0.17315346002578735,0.20173999667167664,0.1591624617576599,0.10296116769313812,0.0017730740364640951,0.0004934182506985962,0.02121,0.031042873859405518,38.54,0.9283,0.1599999999999966,0.8076,0.4017,0.5732
Improved Ensemble v2,"Phase 4 Held-out (Split v1, 49 patches)",28,83.37,0.1663,0.0,0.17155051231384277,0.212354838848114,0.15458814799785614,0.1266949474811554,0.001651596394367516,0.0004938074271194637,0.02086,0.03238934651017189,38.44,0.9288,0.19999999999999574,0.8373,0.4202,0.5918
Improved Ensemble v2,"Phase 4 Held-out (Split v1, 49 patches)",29,84.62,0.1538,0.0,0.16036134958267212,0.18696141242980957,0.15892380475997925,0.10888393223285675,0.0016136560589075089,0.0004924905952066183,0.02106,0.031472571194171906,38.51,0.9272,0.19999999999999574,0.8329,0.4242,0.5957
Improved Ensemble v2,"Phase 4 Held-out (Split v1, 49 patches)",30,83.61,0.1639,0.0,0.15986067056655884,0.2133970409631729,0.1655811369419098,0.11661107838153839,0.0015651766443625093,0.0004938707570545375,0.02058,0.030631553381681442,38.72,0.9275,0.21000000000000085,0.8148,0.3843,0.5552
Improved Ensemble v2,"Phase 4 Held-out (Split v1, 49 patches)",31,84.46,0.1554,0.0,0.1729026436805725,0.20716741681098938,0.13816450536251068,0.10355767607688904,0.0016304593300446868,0.0004909843555651605,0.01999,0.029439380392432213,38.97,0.9306,0.18999999999999773,0.8336,0.3688,0.5389
Improved Ensemble v2,"Phase 4 Held-out (Split v1, 49 patches)",32,84.54,0.1546,0.0,0.1519434154033661,0.23459216952323914,0.12835335731506348,0.1034054383635521,0.0016599510563537478,0.0004897020990028977,0.01998,0.029972832649946213,38.9,0.931,0.17999999999999972,0.8141,0.3827,0.5536
Improved Ensemble v2,"Phase 4 Held-out (Split v1, 49 patches)",33,84.56,0.1544,0.0,0.18189582228660583,0.19464638829231262,0.13778656721115112,0.10336475074291229,0.001748322625644505,0.0004952594172209501,0.02015,0.03001469001173973,38.83,0.932,0.1700000000000017,0.8331,0.3982,0.5696
Improved Ensemble v2,"Phase 4 Held-out (Split v1, 49 patches)",34,84.08,0.1592,0.0,0.18055427074432373,0.20764127373695374,0.15922024846076965,0.08922497928142548,0.0018103374168276787,0.0004958262434229255,0.02095,0.03221812844276428,38.55,0.9309,0.14999999999999858,0.8273,0.4115,0.583
Improved Ensemble v2,"Phase 4 Held-out (Split v1, 49 patches)",35,84.65,0.1535,0.0,0.17827695608139038,0.16452527046203613,0.16333137452602386,0.10767481476068497,0.0016672646161168814,0.0005029726307839155,0.0211,0.03324466943740845,38.3,0.9275,0.18999999999999773,0.8316,0.4139,0.5855
Improved Ensemble v2,"Phase 4 Held-out (Split v1, 49 patches)",36,85.58,0.1442,0.0,0.14680296182632446,0.20321759581565857,0.1295110434293747,0.09707814455032349,0.0015988675877451897,0.0005126054165884852,0.02103,0.03214750811457634,38.45,0.9251,0.21000000000000085,0.8212,0.4054,0.5769
Improved Ensemble v2,"Phase 4 Held-out (Split v1, 49 patches)",37,84.63,0.1537,0.0,0.15859061479568481,0.20655527710914612,0.15299353003501892,0.09650709480047226,0.0015452601946890354,0.0005147965275682509,0.02023,0.030656110495328903,38.74,0.9268,0.21000000000000085,0.8041,0.3794,0.5501
Improved Ensemble v2,"Phase 4 Held-out (Split v1, 49 patches)",38,86.04,0.1396,0.0,0.13214002549648285,0.15962940454483032,0.1563454121351242,0.11012193560600281,0.0015470427460968494,0.0005220407620072365,0.01972,0.028533095493912697,39.17,0.9301,0.23000000000000398,0.7784,0.3766,0.5472
Improved Ensemble v2,"Phase 4 Held-out (Split v1, 49 patches)",39,83.24,0.1676,0.0,0.1617652177810669,0.22516614198684692,0.1658288538455963,0.11778252571821213,0.0015935726696625352,0.000532575766555965,0.01998,0.029670219868421555,38.95,0.9275,0.21000000000000085,0.7764,0.3518,0.5205
Improved Ensemble v2,"Phase 4 Held-out (Split v1, 49 patches)",40,84.74,0.1526,0.0,0.17104016244411469,0.20277690887451172,0.1278216391801834,0.10881705582141876,0.0016738297417759895,0.0005270335823297501,0.01988,0.02961745485663414,38.97,0.9301,0.17999999999999972,0.808,0.3803,0.551
Improved Ensemble v2,"Phase 4 Held-out (Split v1, 49 patches)",41,84.32,0.1568,0.0,0.17761360108852386,0.22165469825267792,0.13530293107032776,0.09243986755609512,0.0017809406854212284,0.0005119582638144493,0.02103,0.0317644402384758,38.55,0.9267,0.1699999999999946,0.806,0.3842,0.5551
Improved Ensemble v2,"Phase 4 Held-out (Split v1, 49 patches)",42,83.84,0.1616,0.0,0.15669547021389008,0.23120802640914917,0.1453389823436737,0.11331140249967575,0.0016865485813468695,0.0005070734769105911,0.02154,0.03299799934029579,38.25,0.926,0.1700000000000017,0.8294,0.4328,0.6041
Improved Ensemble v2,"Phase 4 Held-out (Split v1, 49 patches)",43,83.09,0.1691,0.0,0.16527262330055237,0.25938671827316284,0.1469149887561798,0.10484283417463303,0.0016154911136254668,0.000508539320435375,0.02116,0.03214479982852936,38.37,0.9228,0.18999999999999773,0.8167,0.4187,0.5902
Improved Ensemble v2,"Phase 4 Held-out (Split v1, 49 patches)",44,85.84,0.1416,0.0,0.1441604495048523,0.1574188768863678,0.15214478969573975,0.1126600056886673,0.0015692366287112236,0.0005055608344264328,0.02084,0.031174687668681145,38.51,0.9222,0.21000000000000085,0.7972,0.4007,0.5722
Improved Ensemble v2,"Phase 4 Held-out (Split v1, 49 patches)",45,85.55,0.1445,0.0,0.15008118748664856,0.1695774346590042,0.14450663328170776,0.1138046607375145,0.0015233524609357119,0.0005198023281991482,0.02031,0.030431771650910378,38.77,0.9237,0.21000000000000085,0.7646,0.3647,0.5345
Improved Ensemble v2,"Phase 4 Held-out (Split v1, 49 patches)",46,85.88,0.1412,0.0,0.15360119938850403,0.17651212215423584,0.13154584169387817,0.10320046544075012,0.0015400833217427135,0.0005252499831840396,0.02044,0.03112712875008583,38.71,0.9231,0.21000000000000085,0.7667,0.3692,0.5393
Improved Ensemble v2,"Phase 4 Held-out (Split v1, 49 patches)",47,85.05,0.1495,0.0,0.16615009307861328,0.20322254300117493,0.11529286205768585,0.11320936679840088,0.0016223682323470712,0.0005272565176710486,0.02031,0.03095950558781624,38.68,0.9246,0.17999999999999972,0.8011,0.3727,0.543
Improved Ensemble v2,"Phase 4 Held-out (Split v1, 49 patches)",48,84.53,0.1547,0.0,0.16886726021766663,0.20504486560821533,0.16231638193130493,0.0825570821762085,0.0017078197561204433,0.0005253387498669326,0.02125,0.03244156390428543,38.32,0.9219,0.1600000000000037,0.8091,0.3974,0.5688
Baseline Legacy Ensemble,"Clean Phase 5 (Split v2, 25 patches)",0,85.43,0.1457,0.0,0.1211281269788742,0.1918836385011673,0.12289716303348541,0.14672237634658813,0.0014227454084903002,0.0005052968626841903,0.02048,0.0298826415091753,38.93,0.9289,0.18999999999999773,0.8192,0.3989,0.5703
Baseline Legacy Ensemble,"Clean Phase 5 (Split v2, 25 patches)",1,86.87,0.1313,0.0,0.12329669296741486,0.16682134568691254,0.13661500811576843,0.09831584244966507,0.0015100262826308608,0.0005095648812130094,0.01995,0.02968669682741165,39.02,0.9317,0.1600000000000037,0.8288,0.3702,0.5404
Baseline Legacy Ensemble,"Clean Phase 5 (Split v2, 25 patches)",2,86.15,0.1385,0.0,0.13208842277526855,0.17342901229858398,0.15227459371089935,0.09625130891799927,0.0015277005732059479,0.000511531310621649,0.01972,0.02874862402677536,39.08,0.9332,0.1599999999999966,0.8218,0.3817,0.5525
Baseline Legacy Ensemble,"Clean Phase 5 (Split v2, 25 patches)",3,85.73,0.1427,0.0,0.12390255928039551,0.22496190667152405,0.12816642224788666,0.09360486268997192,0.0016288994811475277,0.0005021675024181604,0.01935,0.029240641742944717,38.97,0.933,0.14999999999999858,0.8727,0.346,0.5141
Baseline Legacy Ensemble,"Clean Phase 5 (Split v2, 25 patches)",4,85.84,0.1416,0.0,0.1310238242149353,0.19121092557907104,0.1499156951904297,0.09411336481571198,0.001673511927947402,0.0005024531274102628,0.01955,0.03060736134648323,38.69,0.9312,0.12999999999999545,0.8673,0.3708,0.541
Baseline Legacy Ensemble,"Clean Phase 5 (Split v2, 25 patches)",5,83.05,0.1695,0.0,0.11522018909454346,0.25626084208488464,0.17404010891914368,0.1325487196445465,0.0014314326690509915,0.0004996737698093057,0.0214,0.02992848865687847,38.81,0.927,0.17999999999999972,0.8116,0.3769,0.5475
Baseline Legacy Ensemble,"Clean Phase 5 (Split v2, 25 patches)",6,85.83,0.1417,0.0,0.12546920776367188,0.19963215291500092,0.14500117301940918,0.09686223417520523,0.0014791896101087332,0.0004968083812855184,0.02006,0.029371580109000206,39.01,0.9305,0.14999999999999858,0.8281,0.3644,0.5341
Baseline Legacy Ensemble,"Clean Phase 5 (Split v2, 25 patches)",7,85.2,0.148,0.0,0.12632137537002563,0.2163732796907425,0.14768314361572266,0.10155997425317764,0.0015022954903542995,0.0005049076862633228,0.02054,0.02984454482793808,38.9,0.9311,0.14999999999999858,0.8101,0.3731,0.5434
Baseline Legacy Ensemble,"Clean Phase 5 (Split v2, 25 patches)",8,85.33,0.1467,0.0,0.12818966805934906,0.207367941737175,0.15382762253284454,0.0974276140332222,0.0015665421960875392,0.0005142111331224442,0.02084,0.029352929443120956,38.9,0.931,0.14999999999999858,0.8143,0.3872,0.5582
Baseline Legacy Ensemble,"Clean Phase 5 (Split v2, 25 patches)",9,85.22,0.1478,0.0,0.1290057748556137,0.20992520451545715,0.15558850765228271,0.09676741063594818,0.0016117620980367064,0.0005156042752787471,0.02092,0.030846651643514633,38.61,0.9295,0.13000000000000256,0.8121,0.3931,0.5644
Baseline Legacy Ensemble,"Clean Phase 5 (Split v2, 25 patches)",10,86.09,0.1391,0.0,0.10408000648021698,0.17829762399196625,0.15842768549919128,0.11568965017795563,0.001454351469874382,0.00050772400572896,0.02062,0.030626986175775528,38.7,0.9274,0.17999999999999972,0.8151,0.3954,0.5668
Baseline Legacy Ensemble,"Clean Phase 5 (Split v2, 25 patches)",11,84.81,0.1519,0.0,0.12266820669174194,0.223588228225708,0.16631072759628296,0.09507355093955994,0.0014983993023633957,0.000506093492731452,0.02012,0.029342446476221085,38.98,0.9307,0.1699999999999946,0.8341,0.3855,0.5565
Baseline Legacy Ensemble,"Clean Phase 5 (Split v2, 25 patches)",12,85.08,0.1492,0.0,0.13056081533432007,0.20994633436203003,0.15429282188415527,0.1020694151520729,0.0015099102165549994,0.0005102046416141093,0.02008,0.030127760022878647,38.88,0.93,0.1600000000000037,0.8114,0.374,0.5444
Baseline Legacy Ensemble,"Clean Phase 5 (Split v2, 25 patches)",13,85.12,0.1488,0.0,0.11394211649894714,0.22192898392677307,0.14845046401023865,0.1109946146607399,0.0015814604703336954,0.0005050323670729995,0.02017,0.030443191528320312,38.81,0.9313,0.14000000000000057,0.8272,0.3914,0.5626
Baseline Legacy Ensemble,"Clean Phase 5 (Split v2, 25 patches)",14,84.26,0.1574,0.0,0.13795095682144165,0.2412484586238861,0.15354570746421814,0.0969119668006897,0.0016496852040290833,0.0004988427390344441,0.02086,0.03211967647075653,38.54,0.9307,0.14000000000000057,0.8247,0.4244,0.5959
Baseline Legacy Ensemble,"Clean Phase 5 (Split v2, 25 patches)",15,84.93,0.1507,0.0,0.11759991943836212,0.24117442965507507,0.14301063120365143,0.1008627861738205,0.001416450715623796,0.0004943481180816889,0.02052,0.030826939269900322,38.72,0.9263,0.1700000000000017,0.8011,0.3929,0.5642
Baseline Legacy Ensemble,"Clean Phase 5 (Split v2, 25 patches)",16,84.78,0.1522,0.0,0.1154315248131752,0.23416543006896973,0.1285357028245926,0.1306711733341217,0.0014088139869272709,0.0004960558144375682,0.01973,0.028658811002969742,39.15,0.9297,0.18999999999999773,0.7766,0.3547,0.5237
Baseline Legacy Ensemble,"Clean Phase 5 (Split v2, 25 patches)",17,84.8,0.152,0.0,0.10685938596725464,0.2218811959028244,0.15767377614974976,0.12171982228755951,0.0014470105525106192,0.0005012164474464953,0.01992,0.02942025661468506,39.0,0.9288,0.14999999999999858,0.7804,0.3532,0.522
Baseline Legacy Ensemble,"Clean Phase 5 (Split v2, 25 patches)",18,86.21,0.1379,0.0,0.118931345641613,0.18660196661949158,0.12757933139801025,0.11857019364833832,0.0015289897564798594,0.0005056738154962659,0.0202,0.02973487228155136,38.89,0.929,0.14999999999999858,0.8061,0.3799,0.5506
Baseline Legacy Ensemble,"Clean Phase 5 (Split v2, 25 patches)",19,87.41,0.1259,0.0,0.12148831784725189,0.16941982507705688,0.13543543219566345,0.07729297131299973,0.0016104173846542835,0.000511083344463259,0.02159,0.03188493847846985,38.49,0.9261,0.13000000000000256,0.8026,0.4164,0.588
Baseline Legacy Ensemble,"Clean Phase 5 (Split v2, 25 patches)",20,85.37,0.1463,0.0,0.12557193636894226,0.1918167769908905,0.15706858038902283,0.11067845672369003,0.001446278067305684,0.0005064377328380942,0.02101,0.03145765885710716,38.46,0.9218,0.17999999999999972,0.7948,0.3906,0.5618
Baseline Legacy Ensemble,"Clean Phase 5 (Split v2, 25 patches)",21,86.28,0.1372,0.0,0.11197660863399506,0.18197500705718994,0.14541023969650269,0.10928142815828323,0.001399508211761713,0.0005166877526789904,0.02069,0.030539561063051224,38.68,0.9222,0.1599999999999966,0.7628,0.371,0.5412
Baseline Legacy Ensemble,"Clean Phase 5 (Split v2, 25 patches)",22,85.58,0.1442,0.0,0.10854935646057129,0.22462007403373718,0.14919109642505646,0.09431271255016327,0.0014281247276812792,0.000519133114721626,0.02049,0.03095955029129982,38.68,0.9221,0.1700000000000017,0.7671,0.3548,0.5238
Baseline Legacy Ensemble,"Clean Phase 5 (Split v2, 25 patches)",23,84.8,0.152,0.0,0.1105075255036354,0.23340635001659393,0.1492185890674591,0.11500130593776703,0.0014834683388471603,0.0005129032069817185,0.02064,0.031278036534786224,38.6,0.9229,0.14000000000000057,0.7944,0.3733,0.5437
Baseline Legacy Ensemble,"Clean Phase 5 (Split v2, 25 patches)",24,85.78,0.1422,0.0,0.12729297578334808,0.19246652722358704,0.16531623899936676,0.08380821347236633,0.0015633797738701105,0.000504411174915731,0.02155,0.03299195319414139,38.34,0.922,0.14000000000000057,0.8022,0.3957,0.5671
Improved Ensemble v2,"Clean Phase 5 (Split v2, 25 patches)",0,84.52,0.1548,0.0,0.15600675344467163,0.1895105540752411,0.12387946248054504,0.1499786078929901,0.00154142826795578,0.0004930003196932375,0.02032,0.029670272022485733,38.97,0.9296,0.22999999999999687,0.8211,0.4008,0.5722
Improved Ensemble v2,"Clean Phase 5 (Split v2, 25 patches)",1,85.43,0.1457,0.0,0.15952317416667938,0.16876435279846191,0.15940366685390472,0.09518942981958389,0.0016480758786201477,0.0004972388269379735,0.01982,0.029455553740262985,39.06,0.9324,0.20000000000000284,0.8311,0.3704,0.5406
Improved Ensemble v2,"Clean Phase 5 (Split v2, 25 patches)",2,85.72,0.1428,0.0,0.16138195991516113,0.16976849734783173,0.14538125693798065,0.09484902769327164,0.0016768740024417639,0.0004989190492779016,0.01959,0.028579596430063248,39.11,0.9339,0.18999999999999773,0.8236,0.3735,0.5439
Improved Ensemble v2,"Clean Phase 5 (Split v2, 25 patches)",3,85.82,0.1418,0.0,0.13477160036563873,0.21630863845348358,0.12472394108772278,0.09159301966428757,0.0017823153175413609,0.0004891802091151476,0.01921,0.029133528470993042,38.99,0.9336,0.1700000000000017,0.8736,0.351,0.5196
Improved Ensemble v2,"Clean Phase 5 (Split v2, 25 patches)",4,85.56,0.1444,0.0,0.14185383915901184,0.19207051396369934,0.1507880687713623,0.09307686239480972,0.0018403776921331882,0.0004895983729511499,0.01941,0.030523240566253662,38.71,0.9318,0.14999999999999858,0.868,0.3841,0.555
Improved Ensemble v2,"Clean Phase 5 (Split v2, 25 patches)",5,82.12,0.1788,0.0,0.1589440554380417,0.25464409589767456,0.16993960738182068,0.13154852390289307,0.0015479594003409147,0.0004873757134191692,0.02124,0.0297892764210701,38.85,0.928,0.21999999999999886,0.8134,0.3833,0.5542
Improved Ensemble v2,"Clean Phase 5 (Split v2, 25 patches)",6,85.29,0.1471,0.0,0.14637532830238342,0.2050895392894745,0.14251573383808136,0.09426497668027878,0.0016187442233785987,0.00048441332182846963,0.0199,0.02920415624976158,39.05,0.9313,0.18999999999999773,0.8295,0.3682,0.5382
Improved Ensemble v2,"Clean Phase 5 (Split v2, 25 patches)",7,84.05,0.1595,0.0,0.1658918708562851,0.22422748804092407,0.1481994390487671,0.09952081739902496,0.0016488262917846441,0.0004928034613840282,0.02042,0.02962498553097248,38.93,0.9318,0.17999999999999972,0.8123,0.3768,0.5474
Improved Ensemble v2,"Clean Phase 5 (Split v2, 25 patches)",8,84.41,0.1559,0.0,0.1734948307275772,0.19935813546180725,0.15548133850097656,0.09516189992427826,0.001717791543342173,0.000501602073200047,0.02072,0.02913546934723854,38.93,0.9316,0.17999999999999972,0.8166,0.3939,0.5651
Improved Ensemble v2,"Clean Phase 5 (Split v2, 25 patches)",9,84.25,0.1575,0.0,0.17188358306884766,0.2052501142024994,0.15858013927936554,0.09442368149757385,0.0017693345434963703,0.0005025740247219801,0.02082,0.030675474554300308,38.64,0.9301,0.1600000000000037,0.8138,0.3995,0.5709
Improved Ensemble v2,"Clean Phase 5 (Split v2, 25 patches)",10,85.18,0.1482,0.0,0.15680661797523499,0.1773088276386261,0.141119584441185,0.11768440157175064,0.0015781628899276257,0.0004952356684952974,0.02038,0.030429190024733543,38.74,0.928,0.21999999999999886,0.8169,0.4031,0.5746
Improved Ensemble v2,"Clean Phase 5 (Split v2, 25 patches)",11,83.9,0.161,0.0,0.1681477576494217,0.2174248844385147,0.16389082372188568,0.09468129277229309,0.0016371639212593436,0.000493112369440496,0.02,0.02920467033982277,39.01,0.9314,0.19999999999999574,0.8354,0.3786,0.5493
Improved Ensemble v2,"Clean Phase 5 (Split v2, 25 patches)",12,84.65,0.1535,0.0,0.14578674733638763,0.20358484983444214,0.16411545872688293,0.10039160400629044,0.0016544206300750375,0.0004978112410753965,0.01996,0.02991914004087448,38.91,0.9308,0.18999999999999773,0.8138,0.3846,0.5556
Improved Ensemble v2,"Clean Phase 5 (Split v2, 25 patches)",13,83.2,0.168,0.0,0.17800529301166534,0.2248668372631073,0.15786968171596527,0.11123679578304291,0.0017369379056617618,0.00049328658496961,0.02007,0.030372170731425285,38.83,0.9318,0.1599999999999966,0.8283,0.3953,0.5666
Improved Ensemble v2,"Clean Phase 5 (Split v2, 25 patches)",14,83.1,0.169,0.0,0.18265894055366516,0.2390243113040924,0.15671122074127197,0.09749438613653183,0.0018163671484217048,0.0004868938121944666,0.02076,0.031988680362701416,38.56,0.9313,0.1600000000000037,0.826,0.4246,0.5961
Improved Ensemble v2,"Clean Phase 5 (Split v2, 25 patches)",15,84.64,0.1536,0.0,0.14658662676811218,0.23551273345947266,0.13302846252918243,0.09910304099321365,0.0015408217441290617,0.0004820462199859321,0.02033,0.03062516637146473,38.76,0.9271,0.21000000000000085,0.8036,0.3937,0.565
Improved Ensemble v2,"Clean Phase 5 (Split v2, 25 patches)",16,84.73,0.1527,0.0,0.12534983456134796,0.22068220376968384,0.13116344809532166,0.1334325671195984,0.0015435117529705167,0.0004833533021155745,0.01955,0.02849317342042923,39.19,0.9305,0.22999999999999687,0.7794,0.3564,0.5255
Improved Ensemble v2,"Clean Phase 5 (Split v2, 25 patches)",17,83.83,0.1617,0.0,0.1604115068912506,0.2127757966518402,0.15472763776779175,0.11881932616233826,0.0015921199228614569,0.00048818765208125114,0.01978,0.02923242188990116,39.05,0.9297,0.19999999999999574,0.7832,0.3602,0.5296
Improved Ensemble v2,"Clean Phase 5 (Split v2, 25 patches)",18,85.27,0.1473,0.0,0.16469259560108185,0.18399488925933838,0.1239936351776123,0.11649160832166672,0.0016835150308907032,0.0004933115560561419,0.02004,0.02957639843225479,38.92,0.9296,0.17999999999999972,0.8081,0.398,0.5694
Improved Ensemble v2,"Clean Phase 5 (Split v2, 25 patches)",19,85.63,0.1437,0.0,0.19063305854797363,0.1714460551738739,0.13414528965950012,0.07849982380867004,0.0017799828201532364,0.0004985349951311946,0.02145,0.03176049888134003,38.52,0.9268,0.1600000000000037,0.8048,0.4067,0.5783
Improved Ensemble v2,"Clean Phase 5 (Split v2, 25 patches)",20,84.85,0.1515,0.0,0.15280233323574066,0.18194040656089783,0.16285985708236694,0.10841107368469238,0.0015650968998670578,0.000493660569190979,0.02083,0.031339988112449646,38.49,0.9224,0.21000000000000085,0.7961,0.3874,0.5585
Improved Ensemble v2,"Clean Phase 5 (Split v2, 25 patches)",21,85.5,0.145,0.0,0.1437857747077942,0.17657923698425293,0.14882250130176544,0.11066194623708725,0.0015153174754232168,0.0005036927759647369,0.02048,0.03040255606174469,38.73,0.923,0.20999999999999375,0.765,0.376,0.5465
Improved Ensemble v2,"Clean Phase 5 (Split v2, 25 patches)",22,84.85,0.1515,0.0,0.14753881096839905,0.22477522492408752,0.13956747949123383,0.09404588490724564,0.001548274653032422,0.000505511648952961,0.0203,0.030817771330475807,38.72,0.9229,0.21000000000000085,0.7693,0.3606,0.53
Improved Ensemble v2,"Clean Phase 5 (Split v2, 25 patches)",23,83.46,0.1654,0.0,0.16693910956382751,0.23236560821533203,0.1495811641216278,0.11291325092315674,0.0016234922222793102,0.0004997565411031246,0.02051,0.03113190270960331,38.63,0.9237,0.1700000000000017,0.7964,0.3675,0.5374
Improved Ensemble v2,"Clean Phase 5 (Split v2, 25 patches)",24,85.04,0.1496,0.0,0.16185757517814636,0.19233053922653198,0.16002905368804932,0.0842989832162857,0.0017073645722121,0.0004916393663734198,0.02143,0.03296049311757088,38.36,0.9225,0.1599999999999966,0.8029,0.3964,0.5677
